{"version":0,"bundler":"metro","fileMetadata":{"android":{"bundle":"_expo/static/js/android/index-f079c48567b38024a083b6b111205cb9.hbc","assets":[{"path":"assets/778ffc9fe8773a878e9c30a6304784de","ext":"png"},{"path":"assets/c79c3606a1cf168006ad3979763c7e0c","ext":"png"},{"path":"assets/02bc1fa7c0313217bde2d65ccbff40c9","ext":"png"},{"path":"assets/35ba0eaec5a4f5ed12ca16fabeae451d","ext":"png"},{"path":"assets/0a328cd9c1afd0afe8e3b1ec5165b1b4","ext":"png"},{"path":"assets/3cd68ccdb8938e3711da2e8831b85493","ext":"png"},{"path":"assets/61ca7e64b7d605716c57706cef640b9a","ext":"png"},{"path":"assets/aff2c65b39a296d4f7e96d0f58169170","ext":"png"},{"path":"assets/d8e7601e3df962f83c62371ac14964d8","ext":"png"},{"path":"assets/3cd68ccdb8938e3711da2e8831b85493","ext":"png"},{"path":"assets/0747a1317bbe9c6fc340b889ef8ab3ae","ext":"png"},{"path":"assets/d84e297c3b3e49a614248143d53e40ca","ext":"png"},{"path":"assets/1190ab078c57159f4245a328118fcd9a","ext":"png"},{"path":"assets/78c625386b4d0690b421eb0fc78f7b9c","ext":"png"},{"path":"assets/0747a1317bbe9c6fc340b889ef8ab3ae","ext":"png"},{"path":"assets/4403c6117ec30c859bc95d70ce4a71d3","ext":"png"},{"path":"assets/069d99eb1fa6712c0b9034a58c6b57dd","ext":"png"},{"path":"assets/c3273c9e5321f20d1e42c2efae2578c4","ext":"png"},{"path":"assets/286d67d3f74808a60a78d3ebf1a5fb57","ext":"png"},{"path":"assets/1f77739ca9ff2188b539c36f30ffa2be","ext":"ttf"},{"path":"assets/605ed7926cf39a2ad5ec2d1f9d391d3d","ext":"ttf"},{"path":"assets/3b89dd103490708d19a95adcae52210e","ext":"ttf"}]},"ios":{"bundle":"_expo/static/js/ios/index-a2f0a11169ff0b8e8a0f576e19a05fd6.hbc","assets":[{"path":"assets/7d40544b395c5949f4646f5e150fe020","ext":"png"},{"path":"assets/a132ecc4ba5c1517ff83c0fb321bc7fc","ext":"png"},{"path":"assets/0ea69b5077e7c4696db85dbcba75b0e1","ext":"png"},{"path":"assets/2d0a9133e39524f138be6d4db9f4851f","ext":"png"},{"path":"assets/0a328cd9c1afd0afe8e3b1ec5165b1b4","ext":"png"},{"path":"assets/3cd68ccdb8938e3711da2e8831b85493","ext":"png"},{"path":"assets/61ca7e64b7d605716c57706cef640b9a","ext":"png"},{"path":"assets/aff2c65b39a296d4f7e96d0f58169170","ext":"png"},{"path":"assets/d8e7601e3df962f83c62371ac14964d8","ext":"png"},{"path":"assets/3cd68ccdb8938e3711da2e8831b85493","ext":"png"},{"path":"assets/0747a1317bbe9c6fc340b889ef8ab3ae","ext":"png"},{"path":"assets/d84e297c3b3e49a614248143d53e40ca","ext":"png"},{"path":"assets/1190ab078c57159f4245a328118fcd9a","ext":"png"},{"path":"assets/78c625386b4d0690b421eb0fc78f7b9c","ext":"png"},{"path":"assets/0747a1317bbe9c6fc340b889ef8ab3ae","ext":"png"},{"path":"assets/dad2fa9f4394a630f0f9a0d6dabd44bc","ext":"png"},{"path":"assets/f3a81967828232c893d547162e922764","ext":"png"},{"path":"assets/d62ddc38b69aff346c20a28774933d6a","ext":"png"},{"path":"assets/f3a81967828232c893d547162e922764","ext":"png"},{"path":"assets/1f77739ca9ff2188b539c36f30ffa2be","ext":"ttf"},{"path":"assets/605ed7926cf39a2ad5ec2d1f9d391d3d","ext":"ttf"},{"path":"assets/3b89dd103490708d19a95adcae52210e","ext":"ttf"}]}}}